AI评分,_created_time,_record_id,_updated_time,发布地区,发布日期,播放量,时间戳,是否广告,来源,点赞量,视频分析,视频地址,视频总结,视频标题,视频编号,高赞评论
100,1770702881000,recvaNGQ3xXqiZ,,"{""text"": ""US"", ""type"": ""text""}",1764337365,81692200,1770702879304,"{""text"": ""false"", ""type"": ""text""}","{""text"": ""tiktok"", ""type"": ""text""}",1908605,"{""text"": ""【热点卡片】\nTikTok视频编号：7577771041053887774\n飞书多维表格record_id：recvaNGQ3xuL0L\n\n一、内容概括\n**热点内容是什么：**\n视频展示了电影《泰坦尼克号》沉船戏份的幕后真相：主演在齐腰深的摄影棚水池中表演，四周布满绿幕、灯光和现代器材。这种“好莱坞史诗”与“寒酸拍摄现场”的巨大视觉反差引发了观众的强烈关注。\n\n**为什么能火：**\n满足了用户对顶流电影“幕后揭秘”的好奇心。观众通过自嘲式的“My life was a lie”表达被特效“欺骗”后的幻灭幽默感，这种解构经典的行为在当地文化中极具传播力。\n\n**标题/描述/字幕：** Titanic behind the scenes shooting omg\n**高赞评论：** My life was a lie 😳\n\n\n二、推荐玩法（转化为AI特效/模板）\n**核心元素（Elements）：**\n1. **视觉反差元素：** 泰坦尼克号经典沉船场景（美术风格：灾难大片） vs 凌乱的现代摄影棚（美术风格：现实写实）。\n2. **互动形式（Mechanism）：** 采用“一键揭幕/滤镜推移”玩法。玩家在屏幕上滑动，将“浪漫悲剧场面”擦除，露出背后滑稽、简陋的拍摄基地。\n3. **Playable广告建议：** 在小游戏广告中使用这种“解构真相”的叙事：展示一个极度华丽的游戏场景，随即通过视角拉远或AI切换，展示这是一个由游戏内小人儿搭建的“草台班子”，利用观众的好奇心诱导点击。 \n\n\n三、数据情况（仅限输入提供）\n**爬取日期：** 2026-02-01 22:54:39（基于1770702879304转换）\n**浏览量：** 81,692,200\n**点赞数：** 1,908,605\n**热门评论：** My life was a lie 😳\n**链接：** https://www.tiktok.com/@olson_leta/video/7577771041053887774\n**是否为持续热点：** 是。该视频由于涉及全球级经典电影IP《泰坦尼克号》，且浏览量达到80M+的现象级规模，其“解构经典”的拍摄模式具有长效的传播属性和讨论热度，判定为长期热点。\n\n**缺失字段清单：** 发布具体日期。"", ""type"": ""text""}","{""link"": ""https://www.tiktok.com/@olson_leta/video/7577771041053887774"", ""text"": ""查看视频"", ""type"": ""url""}","{""text"": ""**视频内容：**\n该视频展示了经典电影《泰坦尼克号》沉船场景的幕后拍摄实录。画面揭示了主演莱昂纳多与温斯莱特在齐腰“洪水”中挣扎的经典一幕，实则是在设施密布的摄影棚内完成，周围可见绿幕、摇臂麦克风及现代灯光。视频核心槽点在于其巨大的视觉反差：通过揭秘真实的拍摄环境（水深及腰、布景封闭），解构了观众心中的悲剧史诗感。\n\n**观众态度：**\n美国观众对该视频呈现出一种**“幻灭式的幽默感”**。他们一方面感叹于好莱坞顶级工业造梦的能力，另一方面通过自嘲（如“My life was a lie”）来表达被精妙特效“欺骗情感”后的错愕。这种态度体现了当地文化中对**“真实性”与“幕后揭秘”**的高度好奇，以及在严肃经典面前乐于解构、追求参与感与谈资的娱乐精神。"", ""type"": ""text""}","{""text"": ""Titanic behind the scenes shooting omg"", ""type"": ""text""}","{""text"": ""7577771041053887774"", ""type"": ""text""}","{""text"": ""My life was a lie 😳"", ""type"": ""text""}"
85,1770702881000,recvaNGQ3xCdwR,,"{""text"": ""US"", ""type"": ""text""}",1767592135,25761239,1770702879305,"{""text"": ""false"", ""type"": ""text""}","{""text"": ""tiktok"", ""type"": ""text""}",3714180,"{""text"": ""【热点卡片】\nTikTok视频编号：7591750213010804023\n飞书多维表格record_id：recvaNGQ3xuL0L\n\n一、内容概括\n🔥 **热点内容是什么：** 该视频展示了挪威或极地地区的极光与落日余晖映照下的滑雪场实景。画面采用独特的侧倾视角，融合了覆雪群山、营地灯光与火红云海，呈现出极致的视觉冲击力和治愈感。这属于极致风景/户外探险赛道，核心在于自然奇观与高质量构图。\n\n💡 **为什么能火：** 基于美国观众态度的推测，该视频触发了“视觉实用主义”和“情绪共鸣”。观众通过确认真实性（AI or real?）获得自然的震撼感，并将其作为壁纸或精神寄托。美国用户习惯将美好景观与个人重要时刻（如庆生）挂钩，视其为精神洗礼。\n\n📝 **标题/描述/字幕：** The sunset glow is beautiful. I miss you so much✨\n\n💬 **高赞评论：** [图片评论/空内容]\n\n二、推荐玩法（转化为AI特效/模板）\n✨ **识别元素：** 极地自然景观（雪山、火红云海、极光）、温情光源（营地暖灯）、特殊运镜（侧倾/俯冲视角）、滑雪运动元素。\n\n🎮 **Playable/模型类别应用策略：** \n1. **风格化滤镜与生成：** 利用“图像/视频生成模型”，将普通户外照片转化为视频同款的“火红云海”或“极光雪山”风格。通过Stable Diffusion等模型的风格迁移能力，主打“绝美壁纸生成”玩法。\n2. **3D空间运镜模板：** 模仿视频中的侧倾视角。利用“Depth Map 深度估算”与“3D变换”能力，让静止的雪山背景产生类似的动感位移。\n3. **叙事/情感向互动：** 借鉴观众将美景与个人心愿挂钩的行为，设计“许愿/写信给未来的自己”模板，在极致美景背景下叠加动态文字，触达情绪价值。\n\n三、数据情况（仅限输入提供）\n📅 **爬取日期：** 2026-02-01 02:34:39（原戳：1770702879305）\n👁️ **浏览量：** 25761239\n❤️ **点赞数：** 3714180\n💬 **热门评论：** [图片评论/空内容]\n🔗 **链接：** https://www.tiktok.com/@fang_w3/video/7591750213010804023\n⏳ **是否为持续热点：** 是（Highlight）。鉴于该视频浏览量突破25M且具备极高的视觉独特性与情感共鸣度，叠加评论区将其作为生活灵感与庆生互动载体的现象，判定其为一个具有长尾效应的长期热点。\n\n--- \n**缺失字段清单：**\n1. 高赞评论/热门评论的具体文字内容缺失（输入显示为空内容）。\n2. 视频来源的具体平台元数据（仅提供TikTok链接，未注明原始账号其他背景）。"", ""type"": ""text""}","{""link"": ""https://www.tiktok.com/@fang_w3/video/7591750213010804023"", ""text"": ""查看视频"", ""type"": ""url""}","{""text"": ""**视频内容：**\n该视频展示了挪威或其他极地地区的极光或绝美落日余晖映照下的滑雪场实景。画面通过独特的侧倾视角，将覆雪的群山、温情的营地灯光与火红的云海交织，呈现出极具视觉冲击力的自然景观。这属于极致风景/户外探险赛道，核心看点在于罕见的自然奇观与高质量的摄影构图，带给观众强烈的心灵治愈感。\n\n**观众态度：**\n美国观众表现出强烈的“视觉实用主义”和“情绪共鸣”。他们关注画面是否真实（AI or real?）以确认自然力量的震撼，并将其作为生活灵感的来源（如更换壁纸）。评论区庆生的互动体现了美国用户将美好事物与个人重要时刻挂钩的文化习惯，视其为一种精神洗礼和生活希望。"", ""type"": ""text""}","{""text"": ""The sunset glow is beautiful. I miss you so much✨"", ""type"": ""text""}","{""text"": ""7591750213010804023"", ""type"": ""text""}","{""text"": ""[图片评论/空内容]"", ""type"": ""text""}"
62,1770702881000,recvaNGQ3xuL0L,,"{""text"": ""US"", ""type"": ""text""}",1770602110,14274919,1770702879305,"{""text"": ""false"", ""type"": ""text""}","{""text"": ""tiktok"", ""type"": ""text""}",815769,"{""text"": ""【热点卡片】\n"", ""type"": ""text""}; {""text"": ""TikTok视频编号：7604678079386094878\n"", ""type"": ""text""}; {""text"": ""飞书多维表格record_id：recvaNGQ3xuL0L\n"", ""type"": ""text""}; {""text"": ""\n"", ""type"": ""text""}; {""text"": ""一、内容概括\n"", ""type"": ""text""}; {""text"": ""**热点内容是什么：** 视频揭秘了超级碗（Super Bowl）中场表演的幕后细节：舞台上的植被其实是身着“草丛服”的演职人员。由于这些人不仅在直播中完美隐身且效率极高（比布置真草坪快），这种“人肉背景”引发了关于幕后报酬、奇特职业经历及职场侧写的大规模讨论。\n"", ""type"": ""text""}; {""text"": ""\n"", ""type"": ""text""}; {""text"": ""**为什么能火：** 美国观众对“高薪奇葩副业”（Side Hustle）及“参与顶级赛事幕后”有极高的猎奇兴趣。这种将平凡人置于顶级舞台作为“道具”的视角极具社交货币属性，激发了观众对报酬真相及如何入选的强烈参与感。\n"", ""type"": ""text""}; {""text"": ""\n"", ""type"": ""text""}; {""text"": ""二、推荐玩法（转化为AI特效/模板）\n"", ""type"": ""text""}; {""text"": ""**核心元素提取：** \n"", ""type"": ""text""}; {""text"": ""1. **视觉伪装/反差特效：** 提取“草丛人”（Grass Suit）元素。利用AI图像分割能力，让用户通过滤镜将自己“一键融合”进各种宏大、奇怪的背景（如办公室地板、足球场、名场景），模拟这种“我参与了但我隐身了”的视觉效果。\n"", ""type"": ""text""}; {""text"": ""2. **互动玩法：** “寻找隐藏的参与者”。模拟超级碗舞台搭建的情境，让玩家在混乱的物料中找出哪些是真实道具，哪些是扮演成道具的NPC，结合“赚取2000美金”的悬念文案引导点击。\n"", ""type"": ""text""}; {""text"": ""3. **视频形式：** 采用“幕后视角揭秘”的排法。画面从一个宏大的正常镜头拉近到一个奇怪的细节局部，揭开一个令人意想不到的事实。\n"", ""type"": ""text""}; {""text"": ""\n"", ""type"": ""text""}; {""text"": ""三、数据情况（仅限输入提供）\n"", ""type"": ""text""}; {""text"": ""**爬取日期：** 2026-02-09 18:34:39（注：1770702879305）\n"", ""type"": ""text""}; {""text"": ""**浏览量：** 14,274,919\n"", ""type"": ""text""}; {""text"": ""**点赞数：** 815,769\n"", ""type"": ""text""}; {""text"": ""**热门评论：** I was one of them\n"", ""type"": ""text""}; {""text"": ""**链接：** "", ""type"": ""text""}; {""link"": ""https://www.tiktok.com/@perdomosports/video/7604678079386094878"", ""text"": ""https://www.tiktok.com/@perdomosports/video/7604678079386094878"", ""type"": ""url""}; {""text"": ""\n"", ""type"": ""text""}; {""text"": ""**是否为持续热点：** 是。该视频关联顶级年度IP超级碗（Super Bowl），具有极强的周期性回流属性。结合观众对幕后揭秘的长久兴趣及社交属性（Two Truths and a Lie），确定为一个具有长尾效应的热点。\n"", ""type"": ""text""}; {""text"": ""\n"", ""type"": ""text""}; {""text"": ""**缺失字段清单：** 评论数（具体数值）、发布日期（具体数值）。"", ""type"": ""text""}","{""link"": ""https://www.tiktok.com/@perdomosports/video/7604678079386094878"", ""text"": ""查看视频"", ""type"": ""url""}","{""text"": ""**视频内容：** 该视频属于超级碗（Super Bowl）中场休息表演的幕后揭秘类内容。画面显示，舞台上的繁茂景观并非真实植被，而是一群身着特效“草丛服”的演职人员。由于这些“人肉盆栽”在全国直播中纹丝不动，视觉反差极大，引发了关于劳动力成本、幕后招募机制及奇特职业经历的病毒式讨论。\n\n**观众态度：** 美国观众对此展现出极强的**“职场猎奇”与“参与感文化”**。他们不在乎艺术本身，更关注这种奇葩经历背后的真实报酬（如2000美金传闻）及如何获得这种机会（Side Hustle）。评论区热衷于这种极具社交货币属性的小人物视角——将“扮演一棵草”视为人生中最酷的社交话题（如Two Truths and a Lie），体现了当地人崇尚独特个人经历和实用主义金钱观的文化特性。"", ""type"": ""text""}","{""text"": ""Because of the limited time they have to set up the halftime show it was quicker to have people dressed as grass to quickly walk on and off then it would be to set up a field on its own"", ""type"": ""text""}","{""text"": ""7604678079386094878"", ""type"": ""text""}","{""text"": ""I was one of them"", ""type"": ""text""}"
65,1770702881000,recvaNGQ3xoGSw,,"{""text"": ""US"", ""type"": ""text""}",1764302179,13844598,1770702879305,"{""text"": ""false"", ""type"": ""text""}","{""text"": ""tiktok"", ""type"": ""text""}",224106,"{""text"": ""【热点卡片】\nTikTok视频编号：7577620049108749582\n飞书多维表格record_id：recvaNGQ3xuL0L\n\n一、内容概括\n**热点内容是什么：** 这是一个典型的“街头抓拍/随机审美”类热点。视频记录了一位身着米色挂脖裙的亚裔/混血女性，呈现出疲惫、委屈的“易碎感”情绪。核心爆点在于高颜值与负面情绪结合产生的视觉冲击力，引发了观众的怜悯与保护欲（Simp文化）。\n\n**为什么能火：** 美国观众倾向于消费“真实瞬间（Raw moments）”而非精致滤镜。视频捕捉到的自然、无修饰的悲伤情绪让观众产生情感共鸣，评论区通过直接的赞美（如“You’re beautiful”）将审美转化为社交支持，形成了一次成功的情绪互动闭环。\n\n**标题/描述/字幕：** Seems they don't like me...... and youu??❤\n**高赞评论：** [图片评论/空内容]\n\n二、推荐玩法（转化为AI特效/模板）\n**核心元素：** “易碎感”美学、街头随机抓拍视角、米色系服饰、情绪对比（委屈vs美丽）。\n\n**推荐玩法：** \n- **AI 角色互动模板：** 利用 AI 图像模型（如 Stable Diffusion 配合 ControlNet）生成具有“易碎感”表情的美少女广告素材，植入小游戏中作为受难/待拯救的 NPC，利用“怜悯心态”驱动点击。\n- **“情绪转变”滤镜：** 开发者可参考视频中的光影与神态，制作一个将玩家上传的照片转化为“忧郁/易碎感”画风的特效，搭配安慰式的交互文案，复刻视频顶部的互动氛围。\n- **随机街头视角：** 游戏素材采用低机位、非正式的抓拍视角，增加 Playable 广告的真实感与代入感。\n\n三、数据情况（仅限输入提供）\n**爬取日期：** 2026-02-09 20:34:39（基于时间戳 1770702879305 转换）\n**浏览量：** 13,844,598\n**点赞数：** 224,106\n**热门评论：** [图片评论/空内容]\n**链接：** https://www.tiktok.com/@aria_in_sky70/video/7577620049108749582\n**是否为持续热点：** 是。该内容基于长期美学趋势（易碎感/真实瞬间），且播放量超千万，具有长期的素材参考价值。\n\n**缺失字段清单：**\n- 具体文字版的高赞评论内容（原输入为[图片评论/空内容]）"", ""type"": ""text""}","{""link"": ""https://www.tiktok.com/@aria_in_sky70/video/7577620049108749582"", ""text"": ""查看视频"", ""type"": ""url""}","{""text"": ""这是一份基于视觉线索与社交信号的深度解析：\n\n**视频内容：** 该视频属于**“街头抓拍/随机审美”**赛道。画面捕捉了一位身着米色挂脖裙、神情略显疲惫或委屈的亚裔/混血面孔女性。热点核心在于其**“易碎感”的美学张力**——这种在日常环境中流露出的自然、无修饰的负面情绪，因其极高的颜值而产生了反差感，从而引发了大规模的转发与怜悯（Simp文化）。\n\n**观众态度：** 评论区反映了美国观众典型的**“直接赞美”与“同情心共鸣”**文化。美国用户往往忽视宏大叙事，更在乎个体瞬间的情绪捕捉。他们通过“You’re beautiful”这类安慰式评价，将对美的欣赏转化为一种正向的情感支持。这体现了当地社交媒体中崇尚**真实瞬间（Raw moments）**而非精修摆拍的审美倾向。"", ""type"": ""text""}","{""text"": ""Seems they don't like me...... and youu??❤"", ""type"": ""text""}","{""text"": ""7577620049108749582"", ""type"": ""text""}","{""text"": ""[图片评论/空内容]"", ""type"": ""text""}"
,1770702881000,recvaNGQ3xjvII,,"{""text"": ""US"", ""type"": ""text""}",1764794466,8910843,1770702879305,"{""text"": ""false"", ""type"": ""text""}","{""text"": ""tiktok"", ""type"": ""text""}",89186,,"{""link"": ""https://www.tiktok.com/@smilofly_fb/video/7579734495537073430"", ""text"": ""查看视频"", ""type"": ""url""}","{""text"": ""**视频内容：** 该视频属于“数字飞行模拟”赛道（推测为《微软模拟飞行》）。画面展示了一架卡塔尔航空涂装的客机，正以极低空飞行姿态掠过迪拜标志性建筑。这种极高画质的视觉奇观，结合视频标题中提及的“加拿大”与实际画面的巨大地理反差，故意制造了常识错误或地域错位槽点，通过视觉冲击力与互动争议性吸引用户挖掘背后的技术或梗点。\n\n**观众态度：** 观众对逼真画质表现出极大兴趣（如“wowo”等感叹词）。美国及西方观众对这种“模拟生活”或极尽真实的视觉技术非常迷恋，体现了他们对**硬核虚拟技术还原现实**的热衷。同时，人们热衷于拆解视频中的常识冲突（虽评论展现包容），体现了当地互联网文化中**乐于参与讨论、拆解漏洞并以此社交**的互动习惯。"", ""type"": ""text""}","{""text"": ""Airbus A320 Qatar"", ""type"": ""text""}","{""text"": ""7579734495537073430"", ""type"": ""text""}","{""text"": ""very cool"", ""type"": ""text""}"
100,1770702918000,recvaNGZwthC8i,,"{""text"": ""US"", ""type"": ""text""}",1769533834,120043354,1770702915818,"{""text"": ""false"", ""type"": ""text""}","{""text"": ""tiktok"", ""type"": ""text""}",10795576,"{""text"": ""【热点卡片】\nTikTok视频编号：7600089922267008278\n飞书多维表格record_id：recvaNGQ3xuL0L\n\n一、内容概括\n🌟 **热点内容：** 视频属于“街头偶遇/自媒体联动”赛道。主角为争议性网红Korra Obidi。其在好莱坞大道通过“服装风格大反转”（从清凉舞服切换为庄重彩色长裙）引发巨大视觉反差，通过自信的走秀动作展示时尚感。\n\n🔥 **为什么火：** 核心在于“反差感”和“审美回归”。观众对网红从低质博眼球到高质感时尚转型的正向反馈，体现了当地文化对得体美的认可。\n\n📌 **标题/描述：** That walk said everything 😍🇺🇸 @korraobidi\n\n💬 **观众态度：** 普遍持肯定态度，高赞评论表现出对这种转变的惊喜与赞赏。\n\n\n二、推荐玩法（转化为AI特效/模板）\n🎨 **核心元素：** \n- **反差转化：** 识别人物当前的普通服装或夸张服装，一键生成/替换为“具有文化特色的高级订制长裙”或“华丽时尚风格”。\n- **自信走秀（The Walk）：** 提取视频中“自信步伐”的动作节奏，结合背景环境变换（如从普通街道瞬间切换到聚光灯舞台）。\n- **风格迁移：** 利用AI美术风格能力，将用户视频转化为具有“好莱坞街拍质感”或“高饱和度彩色滤镜”的素材。\n\n🎮 **小游戏应用建议：** 可采用“换装跑酷”或“变装秀”玩法，将Korra的“彩色长裙”和“好莱坞大道”作为关键皮肤和地图元素，强调穿衣选择带来的实时观众反馈（Positive Feedback）。\n\n\n三、数据情况（仅限输入提供）\n📅 **爬取日期：** 2026-02-05 21:55:15（由1770702915818转换）\n👀 **浏览量：** 120,043,354\n👍 **点赞数：** 10,795,576\n💬 **热门评论：** Thank you❤️\n🔗 **链接：** https://www.tiktok.com/@andr3w_wave/video/7600089922267008278\n📈 **是否为持续热点：** 是。该视频播放量破亿，且基于Korra Obidi长期以来的争议性格与此次极具品牌感的转变，形成了一个具有讨论度的长期转型标签，属于长期高热点。 \n\n**缺失字段清单：** \n- 视频来源平台明确标注（虽然参考链接为TikTok，但原始“来源”字段未直接说明）\n- 准确的发布日期"", ""type"": ""text""}","{""link"": ""https://www.tiktok.com/@andr3w_wave/video/7600089922267008278"", ""text"": ""查看视频"", ""type"": ""url""}","{""text"": ""**视频内容：** 该视频属于“街头偶遇/自媒体联动”赛道。主角是美国知名尼日利亚籍舞者、争议网红Korra Obidi。视频记录了她在好莱坞大道与路人（或另一位创作者）互动的瞬间。核心反差感在于Korra以往常以清凉、裸露的舞服形象示人，而此次身着庄重时尚的彩色长裙。这种由于“穿衣风格转变”带来的反转，成为了视频的主要传播点。\n\n**观众态度：** 美国观众呈现出“审美回归”与“价值观先行”的特点。评论区对此表现出罕见的正向肯定，体现了当地文化中对“得体时尚”的潜在认可，以及对网红从“博眼球短平快”向“质感内容”转型的支持。观众并不反感个性，但更在意反差带来的视觉愉悦。"", ""type"": ""text""}","{""text"": ""That walk said everything 😍🇺🇸 @korraobidi"", ""type"": ""text""}","{""text"": ""7600089922267008278"", ""type"": ""text""}","{""text"": ""Thank you❤️"", ""type"": ""text""}"
100,1770702918000,recvaNGZwtJ2Me,,"{""text"": ""US"", ""type"": ""text""}",1764337365,81692312,1770702915818,"{""text"": ""false"", ""type"": ""text""}","{""text"": ""tiktok"", ""type"": ""text""}",1908606,"{""text"": ""【热点卡片】\nTikTok视频编号：7577771041053887774\n飞书多维表格record_id：recvaNGQ3xuL0L\n\n一、内容概括\n🔥 **热点内容是什么：**\n视频揭秘了经典电影《泰坦尼克号》沉船逃生戏份的幕后拍摄实况。画面展示了男女主角在布满绿幕、摇臂摄像机的人造水箱中挣扎，将感人至深的电影成片与充满工业感的拍摄现场进行强力对比。\n\n🌟 **为什么能火（基于美国观众态度推测）：**\n该视频利用了“解构细节”与“视觉骗局”的卖点，引发了观众的幻灭感与好奇心。美国观众对于拆解好莱坞工业标准（Debunking）展示出极高热情，高赞评论“My life was a lie”体现了这种从情感共鸣转向对技术真相惊叹的心理落差。\n\n**标题/描述/字幕：** Titanic behind the scenes shooting omg\n**高赞评论：** My life was a lie 😳\n\n二、推荐玩法（转化为AI特效/模板）\n🎮 **核心提炼元素：**\n1. **“幕后vs成片”分屏对比：** 模仿视频形式，左侧展示极其简陋的“手工/办公室”拍摄环境（如绿幕、风扇、水盆），右侧通过AI视频转换模型（如Video-to-Video）实时渲染成宏大的泰坦尼克号灾难大片场景。\n2. **“我的生活是个谎言”滤镜：** 开发一种特效，用户在镜头前做出悲伤表情，背景是精美的电影场景，但镜头拉远后，自动识别并添加绿幕支架、摄影机等工业元素，实现“解构瞬间”的趣味互动。\n3. **灾难元素转化：** 提取“急流、转动轮盘、水箱”作为Playable广告的关卡元素，配合AI美术风格化能力（Stylization），让玩家在互动中体验“导演视角的后期处理”。\n\n三、数据情况（仅限输入提供）\n📅 **爬取日期：** 2026-02-04 03:15:15（由1770702915818转换）\n👀 **浏览量：** 81692312\n👍 **点赞数：** 1908606\n💬 **热门评论：** My life was a lie 😳\n🔗 **链接：** https://www.tiktok.com/@olson_leta/video/7577771041053887774\n🚀 **是否为持续热点：** 是。该视频属于**长期深度热点**。电影《泰坦尼克号》自带长青流量，且“后期揭秘”类内容具备跨时代的传播力，视频81M+的巨大播放量证明了其极高的破圈效应和持续讨论价值。\n\n**缺失字段清单：**\n- 评论总数：未提供\n- 发布日期：未提供"", ""type"": ""text""}","{""link"": ""https://www.tiktok.com/@olson_leta/video/7577771041053887774"", ""text"": ""查看视频"", ""type"": ""url""}","{""text"": ""**视频内容：**\n该视频展示了电影《泰坦尼克号》经典沉船逃生戏份的幕后拍摄现场。画面中，男女主角身处巨大的摄影棚水箱，在人造激流中挣扎并尝试转动舱门轮盘，周围环绕着绿幕、摇臂摄像机和录音收声台。视频以“后期揭秘”为卖点，将观众记忆中的感人场景与冰冷的工业化拍摄环境强力对比，揭示了影史名场面背后的视觉骗局。\n\n**观众态度：**\n美国观众对该视频呈现出“幻灭感”与“解构主义”的态度。评论区表现出对电影工业成熟度的惊叹，以及对曾经付出的情感被“特效”愚弄的戏谑吐槽。这种关注点体现了当地文化中崇尚真相探索、乐于拆解权威/经典（Debunking）的心理，以及对好莱坞电影制作工艺的高度技术崇拜。"", ""type"": ""text""}","{""text"": ""Titanic behind the scenes shooting omg"", ""type"": ""text""}","{""text"": ""7577771041053887774"", ""type"": ""text""}","{""text"": ""My life was a lie 😳"", ""type"": ""text""}"
100,1770702918000,recvaNGZwt8LW0,,"{""text"": ""US"", ""type"": ""text""}",1765676731,62599059,1770702915818,"{""text"": ""false"", ""type"": ""text""}","{""text"": ""tiktok"", ""type"": ""text""}",3103824,"{""text"": ""【热点卡片】\nTikTok视频编号：7583523738721783071\n飞书多维表格record_id：recvaNGQ3xuL0L\n\n一、内容概括\n**热点内容：** 视频为英剧《珍姐的不凡人生》（Extraordinary）第一季结尾的影视剪辑及解析。核心场景包含伦敦红色巴士、英伦街道以及主角Jen寻找超能力的片段。该内容火爆主因是剧集“全员超能力”的独特设定，以及第一季在关键悬念处戛然而止（Cliffhanger），引发了观众强烈的意难平心态。\n\n**驱动热点原因：** 美国观众对剧集被取消且未交待最终结局（Lack of closure）表现出极大的愤怒和遗憾。这种对“叙事完整性”的渴望和对“断更”的吐槽形成了巨大的评论区互动量。 \n\n**标题/描述：** No description provided\n**高赞评论：** it's remember me someone\n\n二、推荐玩法（转化为AI特效/模板）\n**可提取元素：**\n1. **视觉元素：** 伦敦红色双层巴士（London Red Bus）、标志性英伦街道背景、这种超能力觉醒时的视觉特效（如发光、波动等）。\n2. **视频形式：** “悬念式断更/意难平”结构。可以复刻这种“展现一个关键进度条/等待觉醒——在结果即将揭晓的前一秒黑屏/停止”的互动形式。\n3. **用户痛点：** 针对“Closure（闭环）”缺失的心理，可在Playable广告中设计“帮角色完成最后一步觉醒”或“自己选择结局”的小游戏，以此吸引受众进行补偿性操作。\n\n三、数据情况（仅限输入提供）\n**爬取日期：** 2026-02-11 20:35:15（时间戳：1770702915818）\n**浏览量：** 62,599,059\n**点赞数：** 3,103,824\n**热门评论：** it's remember me someone\n**链接：** https://www.tiktok.com/@.framenova/video/7583523738721783071\n**是否为持续热点：** 🔥 **高光热点**。基于其62M+的极高播放量及评论区对剧集结局的深度讨论，该内容触及了长期的“经典剧集遗憾”话题，是一个跨越发布周期的强力持续热点。\n\n**缺失字段清单：**\n- 视频发布具体日期缺失\n- 评论总数缺失"", ""type"": ""text""}","{""link"": ""https://www.tiktok.com/@.framenova/video/7583523738721783071"", ""text"": ""查看视频"", ""type"": ""url""}","{""text"": ""**视频内容：** 该视频属于影视自媒体或解说赛道，视频核心是解析或剪辑英剧《珍姐的不凡人生》（Extraordinary）第一季结尾。画面展示了具有伦敦地标特色的红巴士及街道。视频聚焦主角Jen在超能力世界中寻找自己天赋的过程。该内容能成为热点，是因为该剧设定新颖（25岁自动觉醒超能力），而结局处Jen似乎觉醒但戛然而止，引发了强烈的剧情共鸣与意难平。\n\n**观众态度：** 美国观众对“断更”和“未交待结局”表现出强烈的抵触情绪。由于剧集被取消且主角能力成谜，评论区充满了对制作方仓促结尾的吐槽。这体现了当地观众极其看重叙事的完整性与“有始有终”的契约感，他们无法接受缺乏 closure（闭环）的内容消费体验。"", ""type"": ""text""}","{""text"": ""No description provided"", ""type"": ""text""}","{""text"": ""7583523738721783071"", ""type"": ""text""}","{""text"": ""it's remember me someone"", ""type"": ""text""}"
100,1770702918000,recvaNGZwts73D,,"{""text"": ""US"", ""type"": ""text""}",1764322573,30054576,1770702915818,"{""text"": ""false"", ""type"": ""text""}","{""text"": ""tiktok"", ""type"": ""text""}",2805410,"{""text"": ""【热点卡片】\nTikTok视频编号：7577707538095803679\n飞书多维表格record_id：recvaNGQ3xuL0L\n\n一、内容概括\n热点内容是什么：**视频内容：** 该视频展现了两名参与者（Alexis及伙伴）与狗在乡村小道赛跑时发生的意外摔倒事件。Alexis在高速奔跑中因重心不稳或障碍物导致极其滑稽且具冲击力的“翻车”动作。\n为什么能火：1. **身体幽默与反转**：突如其来的剧烈摔倒符合美国观众对“Fail”类视频的原始娱乐偏好。2. **真实安全焦虑**：高赞评论对Alexis颈部伤情的极度担忧引发了大规模共情讨论。3. **萌宠反差**：标题“A troublemaker dog 🐕”将意外归因于狗，增加了互动趣味。\n标题/描述/字幕：A troublemaker dog 🐕 😂\n高赞评论：Watched the whole video and I’m still concerned for Alexis’s neck tbh…\n\n二、推荐玩法（转化为AI特效/模板）\n**核心元素提取：**\n1. **人物角色**：奔跑中的路人（Alexis类型）、调皮的狗、乡村小道场景。\n2. **关键动作**：极速奔跑 -> 突发绊倒/翻滚 -> 夸张的身体扭曲（重点在颈部/躯体）。\n3. **反向互动**：狗狗的视角或狗狗作为“肇事者”的无辜感。\n\n**Playable广告创意建议：**\n- **物理引擎崩坏玩法**：利用Ragdoll（布娃娃系统）物理模拟，玩家控制人物赛跑，需躲避调皮狗的碰撞，一旦失败则触发AI生成的夸张“骨折级”摔倒特效，并在屏幕弹出“Concerned for your neck?”互动按钮。\n- **POV转换特效**：第一阶段视角为快乐奔跑，第二阶段通过AI转场瞬间切换为清脆的“动作捕捉式”失败定格，让玩家通过点击屏幕“修复”歪掉的脖子进入游戏。\n\n三、数据情况（仅限输入提供）\n爬取日期：2026-02-12 11:15:15（转换自1770702915818）\n浏览量：30054576\n点赞数：2805410\n热门评论：Watched the whole video and I’m still concerned for Alexis’s neck tbh…\n链接：https://www.tiktok.com/@lu.ket/video/7577707538095803679\n是否为持续热点：**是（长期热点预警）**。基于视频浏览量突破30M，且高赞评论持续围绕特定人物（Alexis）的安危进行长线讨论。此类“硬核摔倒”结合“人宠冲突”的内容在TikTok具备极强的长尾效应及二创潜力。\n\n**缺失字段清单：**\n- 发布具体日期（仅提供爬取时间）\n- 背景音乐信息\n- 评论总数"", ""type"": ""text""}","{""link"": ""https://www.tiktok.com/@lu.ket/video/7577707538095803679"", ""text"": ""查看视频"", ""type"": ""url""}","{""text"": ""**视频内容：**\n该视频属于“挑战/恶搞类”娱乐短视频。画面显示两名参与者（Alexis及伙伴）正与狗在乡间小道赛跑，结合标题与“脖子、空调机”等评论，推测这是一场失败的竞速挑战：Alexis在奔跑或玩闹中发生了严重的意外摔倒（类似被绊倒、撞到障碍物或狗导致受力不均），由于动作极度滑稽且看起来具有一定冲击力，引发了观众对其伤情（尤其是颈部）的担忧。\n\n**观众态度：**\n美国观众对具有“身体幽默”和“反转伤害”的内容极具共鸣。评论区集中关注Alexis的生理受损情况，体现了美国受众典型的**“担忧式吃瓜”**文化——既享受突发尴尬瞬间带来的娱乐快感，又带有强烈的共情关怀与安全焦虑。他们更在意挑战过程中的真实意外，而非脚本化的表演。"", ""type"": ""text""}","{""text"": ""A troublemaker dog 🐕 😂"", ""type"": ""text""}","{""text"": ""7577707538095803679"", ""type"": ""text""}","{""text"": ""Watched the whole video and I’m still concerned for Alexis’s neck tbh…"", ""type"": ""text""}"
55,1770702918000,recvaNGZwtA3IN,,"{""text"": ""US"", ""type"": ""text""}",1767465358,9403524,1770702915818,"{""text"": ""false"", ""type"": ""text""}","{""text"": ""tiktok"", ""type"": ""text""}",962552,"{""text"": ""【热点卡片】\nTikTok视频编号：7591205734189108493\n飞书多维表格record_id：recvaNGQ3xuL0L\n\n一、内容概括\n🔥 **热点内容是什么：**\n该热点属于时尚穿搭与生活方式赛道。视频通过赛博朋克风格的数字艺术，展示了“All Black”全黑穿搭美学。其核心魅力在于极致的视觉对比：深邃的黑影中散发出超现实的圣洁白光，传达出一种“在此刻发光”的个性表达。\n\n💬 **观众态度：**\n美国观众展现了典型的“冷幽默”与“凡尔赛式”解构文化。他们不仅关注视觉美感，更倾向于通过虚假炫耀（如提及不存在的跑车、手机、身高）来进行自嘲式互动。视频触发了观众通过调侃艺术感来彰显自我个性的社交需求。\n\n💡 **为什么能火：**\n1. **视觉反差：** 极简全黑与数字发光特效的强冲击力。\n2. **互动模版：** 评论区形成的“吹牛/自嘲”固定格式引导了二次传播。\n3. **美学标签：** 精准切中Cyberpunk与Minimalism结合的流行趋势。\n\n二、推荐玩法（转化为AI特效/模板）\n🎮 **核心元素提炼：**\n- **美术风格：** 赛博朋克（Cyberpunk）、数字流光、极简对比。\n- **关键视觉：** 人物轮廓发光、暗调场景、动态光效流转。\n- **视频形式：** 展示->特效触发（发光）->社交互动（文字/评论浮现）。\n\n🛠️ **Playable广告/AI玩法建议：**\n- **AI能力实现：** 使用**Image-to-Video**（控制轮廓发光）或**Style Transfer**（将用户上传图片转化为暗调赛博风）。\n- **互动关卡设计：** 玩家点击屏幕为角色更换“全黑穿搭”，达成特定组合后触发“全屏发光”特效，并随机跳出美式冷幽默弹幕（如“My Bugatti is outside”），增强代入感。\n\n三、数据情况（仅限输入提供）\n📅 **爬取日期：** 2026-02-12 05:55:15（时间戳转换）\n👁️ **浏览量：** 9403524\n❤️ **点赞数：** 962552\n💬 **热门评论：** all black but you still manage to shine\n🔗 **链接：** https://www.tiktok.com/@marxmz/video/7591205734189108493\n⏳ **是否为持续热点：** 是。基于内容核心推演，其“黑与光”的视觉公式及伴随的社交互动文化具有极强的抗衰减性。作为一种审美符号，该热点具备跨周期的生命力，属于【高潜力长期热点】。\n\n**缺失字段清单：**\n- 标题/描述/字幕（No description provided）"", ""type"": ""text""}","{""link"": ""https://www.tiktok.com/@marxmz/video/7591205734189108493"", ""text"": ""查看视频"", ""type"": ""url""}","{""text"": ""**内容核心推演：**\n该视频属于时尚穿搭与生活方式赛道。视频通过赛博朋克感的数字艺术视觉，呈现出一种“即使全黑穿搭也能发光”的超现实意向，核心展示的是“All Black”全黑穿搭美学及其带来的独特气场。热点在于视觉对比：深邃黑影与圣洁白光的博弈，隐喻穿搭者不随波逐流的个性。\n\n**观众态度：** \n美国观众不仅关注极简美学（Minimalism），更热衷于“凡尔赛式”的自我调侃。评论区充满了美式幽默，如通过虚假炫耀跑车、最新型号手机及身高来解构视频的艺术感，体现了当地社交媒体中盛行的“冷冷幽默”文化——比起单纯赞赏美，他们更在乎通过自嘲式互动来彰显身份个性和消解崇高。"", ""type"": ""text""}","{""text"": ""No description provided"", ""type"": ""text""}","{""text"": ""7591205734189108493"", ""type"": ""text""}","{""text"": ""all black but you still manage to shine"", ""type"": ""text""}"
,1770702944000,recvaNH6hPVdGt,,"{""text"": ""US"", ""type"": ""text""}",1766799094,653115,1770702941900,"{""text"": ""false"", ""type"": ""text""}","{""text"": ""tiktok"", ""type"": ""text""}",81776,,"{""link"": ""https://www.tiktok.com/@phyu.phyu668135633/video/7588344276145229076"", ""text"": ""查看视频"", ""type"": ""url""}","{""text"": ""**视频内容：**\n该视频属于东南亚地区（缅甸语环境）流行的“颜值达人/对嘴翻唱”赛道。画面中的年轻女性跟随一首经典怀旧老歌（old song）进行律动或对嘴表演。热点核心在于博主极具亲和力的“邻家感”长相与怀旧音乐形成的“反差萌”，评论区提到的“偶像（idol）”和“我的女人”等称赞，体现了此类视频在该市场通过人设经营建立的粉丝粘性。\n\n**观众态度：**\n面对此类视频，美国观众的关注点更倾向于“个性的真实表达（Authenticity）”和“视觉审美跨度”。他们不仅在意博主的颜值，更在乎其展现出的自信与自然的表情管理。这种跨国界的视觉内容满足了当地人对多元文化美感的探索欲，以及对轻松、非刻意编排的“治愈系”生活化内容的欣赏。"", ""type"": ""text""}","{""text"": ""No description provided"", ""type"": ""text""}","{""text"": ""7588344276145229076"", ""type"": ""text""}","{""text"": ""ငါ့ မိန်းမနော်🙄💕"", ""type"": ""text""}"
,1770702944000,recvaNH6hPqqA2,,"{""text"": ""US"", ""type"": ""text""}",1769715145,315814,1770702941900,"{""text"": ""true"", ""type"": ""text""}","{""text"": ""tiktok"", ""type"": ""text""}",4125,,"{""link"": ""https://www.tiktok.com/@aliyahortega/video/7600868540144504095"", ""text"": ""查看视频"", ""type"": ""url""}","{""text"": ""**视频内容：** 该视频属于“占星/玄学+生活方式”赛道。博主Aliyah通过展示个人生活片段，结合“astra”App的运势预测或财务建议（配合标题中的bank暗示赚钱/省钱），来验证占星术的准确性。其核心热点在于将抽象的星座运势与具象的个人财务或生活决策挂钩，通过博主高颜值外形与“好运”结果的展示，制造一种“跟随占星指引能变更好”的吸引力。\n\n**观众态度：** 美国观众对博主展现出的“自信美”极其推崇（如评论区的直接示爱与夸赞）。他们不仅关注工具的实用性（astrology knows what its doing），更推崇那种将古老传统与现代数字化生活结合的时尚感。观众态度表现为：比起质疑占星的科学性，更乐于消费这种结合了美貌、好运与财务成长的“自我提升”式正向情绪价值。"", ""type"": ""text""}","{""text"": ""No description provided"", ""type"": ""text""}","{""text"": ""7600868540144504095"", ""type"": ""text""}","{""text"": ""astra app is giving you bank😏"", ""type"": ""text""}"
100,1770703267000,recvaNIsq0jm0E,,"{""text"": ""US"", ""type"": ""text""}",1763961848,20141270,1770703265143,"{""text"": ""false"", ""type"": ""text""}","{""text"": ""tiktok"", ""type"": ""text""}",3339345,"{""text"": ""【热点卡片】\nTikTok视频编号：7576158274613939469\n飞书多维表格record_id：recvaNGQ3xuL0L\n\n一、内容概括\n⛳️ **热点内容是什么：** 视频展示了一位身着休闲服饰（连帽衫、阔腿裤）的亚裔女性在 Topgolf 练习场进行高尔夫挥杆。其动作极其专业且流畅，与随意的日常外表形成强烈“反差感”。核心吸引力在于其“硬核实力”（Pure Swing），打破了观众对其外表的预判。\n\n🔥 **为什么能火：** 美国观众热衷于“反差大神”叙事。视频通过“随意的外观”与“职业级击球音效/动作”的对比，激发了观众的敬意。评论区通过玩梗（如动作细节解构）和公开道歉（承认低估了对方）形成了高互动的社区氛围。这种“看似路人，实则高手”的真实感（Authenticity）极具传播力。\n\n二、推荐玩法（转化为AI特效/模板）\n🎯 **元素提炼：** \n- **核心场景：** 室内/室外高尔夫练习场（Topgolf 风格背景）。\n- **关键反差：** 居家/休闲服饰 vs 职业级特效表现。\n- **核心动作：** 高尔夫挥杆（Swing）、球杆击球清脆声、球体飞出的流星轨迹。\n\n🎮 **Playable 广告/小游戏建议：** \n- **反差变装玩法：** 玩家点击屏幕让角色从“松弛路人”瞬间切换为“职业球员形态”，并打出一记带流光特效的 Perfect Hit。\n- **技术流滤镜：** 识别用户挥杆动作，利用 AI 模型实时渲染出类似“纯净挥杆”的专业轨迹线，并在击球瞬间添加美式漫画风格的震动特效（如“POW!”、“PURE”字样）。\n- **交互点：** 模拟评论区“道歉/认怂”的社交互动，例如点击按钮进行“Respect”投票或触发角色“不屑一顾”的击球动作。\n\n三、数据情况\n📅 **爬取日期：** 2026-02-14 16:41:05（由1770703265143转换）\n👁️ **浏览量：** 20141270\n❤️ **点赞数：** 3339345\n💬 **热门评论：** [图片评论/空内容]\n🔗 **链接：** https://www.tiktok.com/@melinee_udom/video/7576158274613939469\n✨ **是否为持续热点：** 是。该视频凭借极致的技术反差（20M+播放，3.3M+点赞）在美式运动社交圈引发了长尾效应。这种“技能反差”类内容属于长期高权重垂类，具有极强的模板化潜力。\n\n**缺失字段清单：**\n- 高赞评论文本内容（输入显示为空或图片）\n- 对应的AI模型类别具体名称（需根据开发环境另选）"", ""type"": ""text""}","{""link"": ""https://www.tiktok.com/@melinee_udom/video/7576158274613939469"", ""text"": ""查看视频"", ""type"": ""url""}","{""text"": ""**视频内容：** 这是一段典型的运动博主或生活方式类视频。视频中，一位亚裔女性在 Topgolf 或室内高尔夫练习场进行挥杆，其动作流畅、击球清脆有力（对应标题和评论“swing was so pure”）。热点在于其外表与职业级高尔夫技巧的反差感：看似随意的日常穿搭（连帽衫、宽松长裤）下隐藏着极高的运动天赋（game）。\n\n**观众态度：** 美国观众对“草根大神”和“硬实力反差”极度推崇。评论区体现了典型的美式社区互动：一方面对纯粹的技术表现（Pure swing）表达直接的敬意与道歉（表示曾经低估了对方）；另一方面，敏锐捕捉动作细节（如提及十字架手势）体现了其社交媒体文化中热衷于通过玩梗和细节解构来消解严肃，追求真实、随性且具实力的个人特质。"", ""type"": ""text""}","{""text"": ""top golf hates to see me coming"", ""type"": ""text""}","{""text"": ""7576158274613939469"", ""type"": ""text""}","{""text"": ""[图片评论/空内容]"", ""type"": ""text""}"
,1770703267000,recvaNIsq0BUbQ,,"{""text"": ""US"", ""type"": ""text""}",1767623465,168499,1770703265143,"{""text"": ""false"", ""type"": ""text""}","{""text"": ""tiktok"", ""type"": ""text""}",26897,,"{""link"": ""https://www.tiktok.com/@jennifercmendozaa/video/7591884728085581069"", ""text"": ""查看视频"", ""type"": ""url""}","{""text"": ""**视频内容：** 该视频属于美国家庭生活（Lifestyle/Family VLOG）赛道。内容围绕博主 Jennifer 经营家庭日常展开，核心热点是她为丈夫 Sergio 准备丰盛美食及这种“贤妻良母”式的家庭互动。评论中提到的“新闻采访”梗可能是指视频结尾博主模仿专业采访的形式总结日常，这种反差幽默（槽点）增加了视频的趣味性。\n\n**观众态度：** 美国观众被这种充满温情且真实（Relatable）的家庭氛围吸引。他们高度认可博主对伴侣的付出以及亲密的亲子睡眠模式（Co-sleeping），认为这体现了强烈的家庭凝聚力。这种对“传统家庭价值”与“生活烟火气”的向往是其走红的主因。"", ""type"": ""text""}","{""text"": ""at first he thought it was fireworks 😩🤣"", ""type"": ""text""}","{""text"": ""7591884728085581069"", ""type"": ""text""}","{""text"": ""Not the news interview 🤣🤣🤣🤣"", ""type"": ""text""}"
10,1770703267000,recvaNIsq08eKA,,"{""text"": ""US"", ""type"": ""text""}",1770639941,4767,1770703265143,"{""text"": ""false"", ""type"": ""text""}","{""text"": ""tiktok"", ""type"": ""text""}",404,"{""text"": ""【热点卡片】\nTikTok视频编号：7604840413928639775\n飞书多维表格record_id：recvaNGQ3xuL0L\n\n一、内容概括\n**热点内容是什么**：视频属于宠物拟人化配音赛道。核心画面是金毛犬与猫或特定环境的互动，亮点在于博主 @RxCKSTxR 标志性的美式俚语磁性配音。通过将“黑人兄弟”式的性格和社区文化融入宠物内心戏，制造出强烈的反差萌。\n\n**为什么能火**：美国观众对“宠物拟人化（Anthropomorphism）”有极高接受度。其核心吸引点在于**语言反差**与**个性化表达**。配音赋予了动物复杂的社会属性和幽默感，将普通的宠物互动转化为具有文化共鸣的情景喜剧，让观众感受到宠物拥有“有趣的灵魂”。\n\n**标题/描述/字幕**：🤣🤣\n**高赞评论**：@RxCKSTxR best voice-over\n\n二、推荐玩法（转化为AI特效/模板）\n**核心元素提炼**：宠物、拟人化对话、美式俚语配音、反差性格、对话框UI。\n\n**Playable广告转化建议**：\n1. **角色互动玩法**：使用 AI 视频生成模型（如 Sora/Runway 类型能力）赋予宠物动态口型变化。玩家在游戏中点击不同选项（例如：挑衅、认怂、蹦迪），AI 实时生成对应美式俚语配音的宠物反应视频。\n2. **性格自定义特效**：提供“Hood Culture”风格的装扮元素（墨镜、大金链子、渔夫帽），配合 AI 语音克隆技术，让玩家上传自家宠物照片即可生成一段带有标志性“黑人兄弟”口吻的短片。\n3. **事件元素罗列**：金毛犬、围栏外的猫、磁性解说配音、内心OS字幕。\n\n三、数据情况（仅限输入提供）\n**爬取日期**：2026-02-12 14:01:05（由1770703265143转换）\n**浏览量**：4767\n**点赞数**：404\n**热门评论**：@RxCKSTxR best voice-over\n**链接**：https://www.tiktok.com/@funny_animals1234561/video/7604840413928639775\n\n**缺失字段清单**：\n- 视频发布日期：缺失\n- 评论总数：缺失\n- 转发数：缺失\n- 收藏数：缺失"", ""type"": ""text""}","{""link"": ""https://www.tiktok.com/@funny_animals1234561/video/7604840413928639775"", ""text"": ""查看视频"", ""type"": ""url""}","{""text"": ""**视频内容**：该视频属于宠物幽默/拟人配音赛道（由标签@RxCKSTxR推测）。核心情节是金毛犬面对围栏上的猫或特定环境时，表现出憨态可掬的滑稽反应。视频博主通过极具美式俚语风格的磁性配音，为宠物赋予“黑人兄弟”式的性格和内心戏，赋予了动物复杂的社会属性和反差萌槽点。\n\n**观众态度**：美国观众热衷于**“宠物拟人化幽默（Anthropomorphism）”**及**“语言反差”**。配音中的社区文化（Hood culture）表达技巧和富有节奏感的解说，让平凡的宠物互动变得具有文化共鸣。观众认为配音赋予了宠物“有趣的灵魂”，体现了美式文化中对个性化表达和解构式幽默的喜爱。"", ""type"": ""text""}","{""text"": ""🤣🤣"", ""type"": ""text""}","{""text"": ""7604840413928639775"", ""type"": ""text""}","{""text"": ""@RxCKSTxR best voice-over"", ""type"": ""text""}"
5,1770703267000,recvaNIsq0IL9I,,"{""text"": ""US"", ""type"": ""text""}",1770330735,1310,1770703265143,"{""text"": ""false"", ""type"": ""text""}","{""text"": ""tiktok"", ""type"": ""text""}",225,"{""text"": ""【热点卡片】\nTikTok视频编号：7603512563409620238\n飞书多维表格record_id：recvaNGQ3xuL0L\n\n一、内容概括\n**热点内容是什么：** 视频属于“生活哲学/情感激励”赛道，采用“车内脱口秀”（Car Talk）形式。博主针对社交圈中的排挤、诽谤或虚假流言发表见解，核心观点为“当仇恨无法摧毁你时，人们会开始编造谎言”。\n\n**为什么能火：** 该内容精准击中了遭遇过职场或社交不公人群的痛点。美国观众对“个人名誉守护”和“对抗虚伪社交”有极高的认同感，犀利的金句提供了强烈的情感宣泄出口，展现了“真实自我”对抗“虚假流言”的力量感。\n\n**标题/描述/字幕：** When the HATE doesn’t work they start telling LIES💯🗣️🤏🏾🤧🐑\n\n**高赞评论：** 🙏💯Absolutely true they will slander you to others for their ignorance jealousy 🙏🙏💯💯\n\n二、推荐玩法（转化为AI特效/模板）\n**可提炼元素：** \n1. **场景元素：** 封闭且私密的“车内空间”（Car Talk视角），营造真诚、倾诉的氛围。\n2. **视觉对比：** “真实自我（Truth）”与“漫天流言（Lies/Slander）”的具象化对比（例如：周围飘浮的流言弹幕被玩家角色散发的光芒震碎）。\n3. **核心金句：** 将“When the HATE doesn’t work they start telling LIES”作为模板的核心UI文案或结算画面引导。\n4. **互动逻辑：** 利用AI音频驱动或唇形同步模型，让小游戏中的角色演绎这段金句，或制作“测测你的社交清爽度”等与对抗嫉妒/谎言相关的互动选择玩法。\n\n三、数据情况（仅限输入提供）\n**爬取日期：** 2026-02-12 14:01:05（由1770703265143转换）\n**浏览量：** 1310\n**点赞数：** 225\n**热门评论：** 🙏💯Absolutely true they will slander you to others for their ignorance jealousy 🙏🙏💯💯\n**链接：** https://www.tiktok.com/@chosen_717_/video/7603512563409620238\n\n**缺失字段清单：** \n- 发布日期：未知/未提供\n- 评论总数：未知/未提供\n- 分享数：未知/未提供\n- 收藏数：未知/未提供"", ""type"": ""text""}","{""link"": ""https://www.tiktok.com/@chosen_717_/video/7603512563409620238"", ""text"": ""查看视频"", ""type"": ""url""}","{""text"": ""**视频内容：** 该视频属于“生活哲学/情感激励”赛道，属于典型的“车内脱口秀”形式（Car Talk）。博主针对社交圈中的排挤、诽谤或虚假流言发表见解，核心观点是“当仇恨无法摧毁你时，人们会开始编造谎言”。这引起了遭遇过职场或社交不公者的极度共鸣，成为热点在于其犀利的金句输出和较强的情感宣泄属性。\n\n**观众态度：** 美国观众对这类“反诽谤、做真实自我”的内容极具认同感。评论反映出当地文化中对**“个人名誉守护”**和**“对抗虚伪社交”**的重视。观众欣赏博主的率真与力量感，视其为维护尊严的代言人。简练总结：尊重真诚，鄙视流言，追求情感上的自洽与强大输出。"", ""type"": ""text""}","{""text"": ""When the HATE doesn’t work they start telling LIES💯🗣️🤏🏾🤧🐑"", ""type"": ""text""}","{""text"": ""7603512563409620238"", ""type"": ""text""}","{""text"": ""🙏💯Absolutely true they will slander you to others for their ignorance jealousy 🙏🙏💯💯"", ""type"": ""text""}"
